id,equipment_id,tenant_id,computed_at,health_index,iso_score,trend_score,correlation_score,uptime_score,crest_factor,kurtosis,drms_dt,iso_grade,vel_rms_avg,vel_rms_max,predicted_days_to_service,predicted_failure_mode,operating_hours,operating_state,notes,created_at,hi_iso_component,hi_trend_component,hi_correlation_component,hi_uptime_component
2426,73,b2c3d4e5-f6a7-8901-bcde-f12345678901,2025-01-12,73.4,,,,,1.566,1.841,,B,3.995,,,,,RUNNING,,2026-04-02 07:06:20.558585,94.6,2.1,100,100
2427,73,b2c3d4e5-f6a7-8901-bcde-f12345678901,2025-01-13,87.6,,,,,1.225,4.84,,B,4.941,,,,,RUNNING,,2026-04-02 07:06:35.81302,87.6,76.9,91.6,100
2428,73,b2c3d4e5-f6a7-8901-bcde-f12345678901,2025-01-14,89,,,,,1.17,2.901,,B,4.981,,,,,RUNNING,,2026-04-02 07:06:35.827969,87.4,76.3,100,100
2429,73,b2c3d4e5-f6a7-8901-bcde-f12345678901,2025-01-15,89.4,,,,,1.157,4.073,,B,4.923,,,,,RUNNING,,2026-04-02 07:06:35.841766,87.7,77.8,99.3,100
2430,73,b2c3d4e5-f6a7-8901-bcde-f12345678901,2025-01-16,91.3,,,,,1.117,2.434,,B,4.918,,,,,RUNNING,,2026-04-02 07:06:35.854581,87.7,84.8,100,100
2431,73,b2c3d4e5-f6a7-8901-bcde-f12345678901,2025-01-17,89.5,,,,,1.196,3.093,,B,4.959,,,,,RUNNING,,2026-04-02 07:06:35.863532,87.5,78.1,100,100
2432,73,b2c3d4e5-f6a7-8901-bcde-f12345678901,2025-01-18,98.7,,,,,1.919,1.661,,A,2.901,,,,,RUNNING,,2026-04-02 07:06:35.873052,100,100,100,91.2
2433,73,b2c3d4e5-f6a7-8901-bcde-f12345678901,2025-01-19,75,,,,,1.485,1.941,,B,4.363,,,,,RUNNING,,2026-04-02 07:06:35.886985,92.2,12.5,100,100
2435,73,b2c3d4e5-f6a7-8901-bcde-f12345678901,2025-01-20,89.6,,,,,1.194,3.255,,B,4.976,,,,,RUNNING,,2026-04-02 07:06:48.798277,87.4,78.5,100,100
2436,73,b2c3d4e5-f6a7-8901-bcde-f12345678901,2025-01-21,90.1,,,,,1.144,2.646,,B,4.959,,,,,RUNNING,,2026-04-02 07:06:48.814,87.5,80.3,100,100
2438,73,b2c3d4e5-f6a7-8901-bcde-f12345678901,2025-01-22,89.5,,,,,1.138,2.644,,B,5.095,,,,,RUNNING,,2026-04-02 07:06:48.830523,86.7,79.1,100,100
2439,73,b2c3d4e5-f6a7-8901-bcde-f12345678901,2025-01-23,90.3,,,,,1.136,3.427,,B,5.046,,,,,RUNNING,,2026-04-02 07:07:04.24834,87,81.9,100,100
2440,73,b2c3d4e5-f6a7-8901-bcde-f12345678901,2025-01-24,100,,,,,1.789,1.779,,A,3.211,,,,,RUNNING,,2026-04-02 07:07:04.257252,100,100,100,100
2442,73,b2c3d4e5-f6a7-8901-bcde-f12345678901,2025-01-25,100,,,,,1.861,2.746,,A,1.483,,,,,RUNNING,,2026-04-02 07:07:04.265009,100,100,100,100
2444,73,b2c3d4e5-f6a7-8901-bcde-f12345678901,2025-01-26,73.4,,,,,1.384,1.651,,B,3.885,,,,,RUNNING,,2026-04-02 07:07:19.662905,96,0,100,100
2447,73,b2c3d4e5-f6a7-8901-bcde-f12345678901,2025-01-27,91.5,,,,,1.2,3.121,,B,4.864,,,,,RUNNING,,2026-04-02 07:07:37.102472,88.1,85,100,100
2449,73,b2c3d4e5-f6a7-8901-bcde-f12345678901,2025-01-28,87.3,,,,,1.198,4.917,,B,4.896,,,,,RUNNING,,2026-04-02 07:07:49.201895,87.9,75.8,90.8,100
2670,73,b2c3d4e5-f6a7-8901-bcde-f12345678901,2025-07-04,30,,,,,,,,-,,,,,,PARTIAL,,2026-04-02 07:31:00.33224,,,,
2673,73,b2c3d4e5-f6a7-8901-bcde-f12345678901,2025-07-05,92.1,,,,,2.103,3.54,,A,1.376,,,,,RUNNING,,2026-04-02 07:31:18.285491,100,68.4,100,100
2680,73,b2c3d4e5-f6a7-8901-bcde-f12345678901,2025-07-08,81.1,,,,,1.09,4.038,,C,9.624,,,,,RUNNING,,2026-04-02 07:32:04.136556,66.9,77.6,99.6,100
2865,73,b2c3d4e5-f6a7-8901-bcde-f12345678901,2025-11-13,63.9,,,,,1.345,1.665,,B,7.853,,,,,RUNNING,,2026-04-02 09:55:23.871127,77.8,0,100,85
2866,73,b2c3d4e5-f6a7-8901-bcde-f12345678901,2025-11-14,30,,,,,,,,-,,,,,,PARTIAL,,2026-04-02 09:55:23.884102,,,,
2867,73,b2c3d4e5-f6a7-8901-bcde-f12345678901,2025-11-15,65.9,,,,,1.543,1.231,,B,7.212,,,,,RUNNING,,2026-04-02 09:55:34.347372,82.1,0,100,87.1
2868,73,b2c3d4e5-f6a7-8901-bcde-f12345678901,2025-11-16,64.9,,,,,1.265,1.791,,B,7.833,,,,,RUNNING,,2026-04-02 09:55:34.361908,77.2,0,100,93.3
2869,73,b2c3d4e5-f6a7-8901-bcde-f12345678901,2025-11-17,62.5,,,,,1.219,2.143,,B,7.991,,,,,RUNNING,,2026-04-02 09:55:34.373746,75.9,0,100,80.8
2870,73,b2c3d4e5-f6a7-8901-bcde-f12345678901,2025-11-18,30,,,,,,,,-,,,,,,PARTIAL,,2026-04-02 09:55:34.380998,,,,
2871,73,b2c3d4e5-f6a7-8901-bcde-f12345678901,2025-11-19,30,,,,,,,,-,,,,,,PARTIAL,,2026-04-02 09:55:45.467085,,,,
2872,73,b2c3d4e5-f6a7-8901-bcde-f12345678901,2025-11-20,64.3,,,,,1.286,1.376,,B,7.495,,,,,RUNNING,,2026-04-02 09:55:56.865613,80.6,0,100,80.1
2873,73,b2c3d4e5-f6a7-8901-bcde-f12345678901,2025-11-21,63.9,,,,,1.283,1.506,,B,7.669,,,,,RUNNING,,2026-04-02 09:55:56.874593,79.2,0,100,81.5
2874,73,b2c3d4e5-f6a7-8901-bcde-f12345678901,2025-11-22,30,,,,,,,,-,,,,,,PARTIAL,,2026-04-02 09:55:56.884433,,,,
2875,73,b2c3d4e5-f6a7-8901-bcde-f12345678901,2025-11-23,65,,,,,1.404,1.773,,B,7.743,,,,,RUNNING,,2026-04-02 09:56:05.331885,77.7,0,100,92.6
2876,73,b2c3d4e5-f6a7-8901-bcde-f12345678901,2025-11-24,61.9,,,,,1.351,1.488,,C,9.459,,,,,RUNNING,,2026-04-02 09:56:16.576701,72.7,0,100,85.7
2877,73,b2c3d4e5-f6a7-8901-bcde-f12345678901,2025-11-25,61.5,,,,,1.275,1.518,,C,9.92,,,,,RUNNING,,2026-04-02 09:56:16.581979,71.3,0,100,86.4
2878,73,b2c3d4e5-f6a7-8901-bcde-f12345678901,2025-11-26,60.9,,,,,1.268,1.504,,C,9.855,,,,,RUNNING,,2026-04-02 09:56:16.587461,71.6,0,100,81.5
2879,73,b2c3d4e5-f6a7-8901-bcde-f12345678901,2025-11-27,30,,,,,,,,-,,,,,,PARTIAL,,2026-04-02 09:56:16.59274,,,,
2880,73,b2c3d4e5-f6a7-8901-bcde-f12345678901,2025-11-28,61.2,,,,,1.352,1.408,,C,9.635,,,,,RUNNING,,2026-04-02 09:56:25.930292,72.3,0,100,81.5
2881,73,b2c3d4e5-f6a7-8901-bcde-f12345678901,2025-11-29,88.4,,,,,1.965,3.019,,A,1.87,,,,,RUNNING,,2026-04-02 09:56:25.938429,100,56.4,100,95.4
2882,73,b2c3d4e5-f6a7-8901-bcde-f12345678901,2025-11-30,63.2,,,,,1.237,1.675,,C,9.819,,,,,RUNNING,,2026-04-02 09:56:25.946274,70.5,0,100,100
2883,73,b2c3d4e5-f6a7-8901-bcde-f12345678901,2025-12-01,62,,,,,1.327,1.475,,C,9.456,,,,,RUNNING,,2026-04-02 09:56:37.691154,72.6,0,100,86.4
2884,73,b2c3d4e5-f6a7-8901-bcde-f12345678901,2025-12-02,30,,,,,,,,-,,,,,,PARTIAL,,2026-04-02 09:56:37.696175,,,,
2885,73,b2c3d4e5-f6a7-8901-bcde-f12345678901,2025-12-03,30,,,,,,,,-,,,,,,PARTIAL,,2026-04-02 09:56:45.349593,,,,
2886,73,b2c3d4e5-f6a7-8901-bcde-f12345678901,2025-12-04,61.1,,,,,1.262,1.514,,C,9.435,,,,,RUNNING,,2026-04-02 09:56:57.40084,72.6,0,100,80.1
2887,73,b2c3d4e5-f6a7-8901-bcde-f12345678901,2025-12-05,30,,,,,,,,-,,,,,,PARTIAL,,2026-04-02 09:56:57.405722,,,,
2888,73,b2c3d4e5-f6a7-8901-bcde-f12345678901,2025-12-06,69.6,,,,,1.916,1.985,,B,6.111,,,,,RUNNING,,2026-04-02 09:57:07.000357,92.9,0,100,82.9
2889,73,b2c3d4e5-f6a7-8901-bcde-f12345678901,2025-12-07,86.3,,,,,2.379,2.924,,A,1.838,,,,,RUNNING,,2026-04-02 09:57:07.006354,100,53.6,100,85.7
2451,73,b2c3d4e5-f6a7-8901-bcde-f12345678901,2025-04-14,81.4,,,,,1.077,2.249,,C,9.804,,,,,RUNNING,,2026-04-02 07:07:49.212825,66.3,79.6,100,100
2441,73,b2c3d4e5-f6a7-8901-bcde-f12345678901,2025-04-11,94.4,,,,,1.79,1.323,,B,5.917,,,,,RUNNING,,2026-04-02 07:07:04.257438,93.1,100,100,80.8
2443,73,b2c3d4e5-f6a7-8901-bcde-f12345678901,2025-04-12,30,,,,,,,,-,,,,,,OFFLINE,,2026-04-02 07:07:04.265391,,,,
2434,73,b2c3d4e5-f6a7-8901-bcde-f12345678901,2025-04-09,89.8,,,,,1.151,3.267,,B,5.43,,,,,RUNNING,,2026-04-02 07:06:48.794109,84.8,83.7,100,100
2437,73,b2c3d4e5-f6a7-8901-bcde-f12345678901,2025-04-10,75.3,,,,,1.369,1.165,,B,5.492,,,,,RUNNING,,2026-04-02 07:06:48.818499,73.2,0,100,100
2446,73,b2c3d4e5-f6a7-8901-bcde-f12345678901,2025-04-13,30,,,,,,,,-,,,,,,PARTIAL,,2026-04-02 07:07:37.09609,,,,
2675,73,b2c3d4e5-f6a7-8901-bcde-f12345678901,2025-07-06,65.4,,,,,1.317,1.925,,B,7.741,,,,,RUNNING,,2026-04-02 07:31:18.297651,76,0,100,100
2455,73,b2c3d4e5-f6a7-8901-bcde-f12345678901,2025-04-15,88.6,,,,,1.252,1.219,,C,8.401,,,,,RUNNING,,2026-04-02 07:08:39.245609,71.5,100,100,100
2458,73,b2c3d4e5-f6a7-8901-bcde-f12345678901,2025-04-16,87.8,,,,,1.152,2.856,,B,6.027,,,,,RUNNING,,2026-04-02 07:09:05.93195,81.3,81.1,100,100
2460,73,b2c3d4e5-f6a7-8901-bcde-f12345678901,2025-04-17,90.8,,,,,1.335,5.188,,B,5.58,,,,,RUNNING,,2026-04-02 07:09:20.351651,84,98.5,88.1,100
2463,73,b2c3d4e5-f6a7-8901-bcde-f12345678901,2025-04-18,30,,,,,,,,-,,,,,,PARTIAL,,2026-04-02 07:09:30.145972,,,,
2466,73,b2c3d4e5-f6a7-8901-bcde-f12345678901,2025-04-19,30,,,,,,,,-,,,,,,OFFLINE,,2026-04-02 07:09:59.887752,,,,
2471,73,b2c3d4e5-f6a7-8901-bcde-f12345678901,2025-04-20,70.6,,,,,1.327,1.77,,B,4.336,,,,,RUNNING,,2026-04-02 07:10:13.442991,94.5,0,100,85
2890,73,b2c3d4e5-f6a7-8901-bcde-f12345678901,2025-12-08,65,,,,,1.38,1.123,,C,8.759,,,,,RUNNING,,2026-04-02 09:57:07.011887,74.9,0,100,100
2891,73,b2c3d4e5-f6a7-8901-bcde-f12345678901,2025-12-09,87.4,,,,,2.391,3.416,,A,1.562,,,,,RUNNING,,2026-04-02 09:57:15.679651,100,58,100,85.7
2892,73,b2c3d4e5-f6a7-8901-bcde-f12345678901,2025-12-10,87.1,,,,,1.762,1.393,,B,7.076,,,,,RUNNING,,2026-04-02 09:57:15.685021,87.9,77,100,84.3
2893,73,b2c3d4e5-f6a7-8901-bcde-f12345678901,2025-12-11,93.7,,,,,1.874,2.239,,A,2.19,,,,,RUNNING,,2026-04-02 09:57:15.690038,100,77.1,100,96.1
2894,73,b2c3d4e5-f6a7-8901-bcde-f12345678901,2025-12-12,98.3,,,,,2.037,3.925,,A,1.549,,,,,RUNNING,,2026-04-02 09:57:15.69491,100,93.3,100,100
2895,73,b2c3d4e5-f6a7-8901-bcde-f12345678901,2025-12-13,81.6,,,,,1,3,,A,1.472,,,,,RUNNING,,2026-04-02 09:57:15.698882,100,80,100,10.7
2978,73,b2c3d4e5-f6a7-8901-bcde-f12345678901,2026-03-06,74.4,,,,,1.365,1.218,,C,22.512,,,,,RUNNING,,2026-04-02 10:09:54.683663,40.5,100,100,87.8
2979,73,b2c3d4e5-f6a7-8901-bcde-f12345678901,2026-03-07,30,,,,,,,,-,,,,,,PARTIAL,,2026-04-02 10:09:54.691289,,,,
2980,73,b2c3d4e5-f6a7-8901-bcde-f12345678901,2026-03-08,48.8,,,,,1.254,1.813,,C,20.951,,,,,RUNNING,,2026-04-02 10:10:08.086514,40.9,0,100,82.9
2981,73,b2c3d4e5-f6a7-8901-bcde-f12345678901,2026-03-09,70.7,,,,,1.091,2.35,,D,24.706,,,,,RUNNING,,2026-04-02 10:10:14.90455,26.6,100,100,100
2982,73,b2c3d4e5-f6a7-8901-bcde-f12345678901,2026-03-10,54.3,,,,,1.059,2.384,,D,25.813,,,,,RUNNING,,2026-04-02 10:10:31.174364,24.4,38,100,100
2983,73,b2c3d4e5-f6a7-8901-bcde-f12345678901,2026-03-11,52.7,,,,,1.066,2.442,,D,27.888,,,,,RUNNING,,2026-04-02 10:10:49.124252,20.3,38.3,100,100
2984,73,b2c3d4e5-f6a7-8901-bcde-f12345678901,2026-03-12,30,,,,,,,,-,,,,,,PARTIAL,,2026-04-02 10:11:01.497626,,,,
2985,73,b2c3d4e5-f6a7-8901-bcde-f12345678901,2026-03-13,30,,,,,,,,-,,,,,,OFFLINE,,2026-04-02 10:11:11.807231,,,,
2986,73,b2c3d4e5-f6a7-8901-bcde-f12345678901,2026-03-14,30,,,,,,,,-,,,,,,PARTIAL,,2026-04-02 10:11:22.75902,,,,
2987,73,b2c3d4e5-f6a7-8901-bcde-f12345678901,2026-03-15,30,,,,,,,,-,,,,,,OFFLINE,,2026-04-02 10:11:35.046124,,,,
2988,73,b2c3d4e5-f6a7-8901-bcde-f12345678901,2026-03-16,30,,,,,,,,-,,,,,,PARTIAL,,2026-04-02 10:11:46.434445,,,,
2989,73,b2c3d4e5-f6a7-8901-bcde-f12345678901,2026-03-17,30,,,,,,,,-,,,,,,PARTIAL,,2026-04-02 10:11:57.159956,,,,
2990,73,b2c3d4e5-f6a7-8901-bcde-f12345678901,2026-03-18,30,,,,,,,,-,,,,,,OFFLINE,,2026-04-02 10:12:08.98193,,,,
2991,73,b2c3d4e5-f6a7-8901-bcde-f12345678901,2026-03-19,30,,,,,,,,-,,,,,,PARTIAL,,2026-04-02 10:12:22.383565,,,,
2992,73,b2c3d4e5-f6a7-8901-bcde-f12345678901,2026-03-20,30,,,,,,,,-,,,,,,OFFLINE,,2026-04-02 10:12:35.661574,,,,
2993,73,b2c3d4e5-f6a7-8901-bcde-f12345678901,2026-03-21,30,,,,,,,,-,,,,,,PARTIAL,,2026-04-02 10:12:46.602753,,,,
2994,73,b2c3d4e5-f6a7-8901-bcde-f12345678901,2026-03-22,30,,,,,,,,-,,,,,,OFFLINE,,2026-04-02 10:12:56.952103,,,,
2995,73,b2c3d4e5-f6a7-8901-bcde-f12345678901,2026-03-23,30,,,,,,,,-,,,,,,OFFLINE,,2026-04-02 10:13:05.38053,,,,
2996,73,b2c3d4e5-f6a7-8901-bcde-f12345678901,2026-03-24,30,,,,,,,,-,,,,,,PARTIAL,,2026-04-02 10:13:15.95813,,,,
2997,73,b2c3d4e5-f6a7-8901-bcde-f12345678901,2026-03-25,30,,,,,,,,-,,,,,,OFFLINE,,2026-04-02 10:13:27.357193,,,,
2998,73,b2c3d4e5-f6a7-8901-bcde-f12345678901,2026-03-26,30,,,,,,,,-,,,,,,OFFLINE,,2026-04-02 10:13:36.625166,,,,
2999,73,b2c3d4e5-f6a7-8901-bcde-f12345678901,2026-03-27,30,,,,,,,,-,,,,,,PARTIAL,,2026-04-02 10:13:47.443785,,,,
3000,73,b2c3d4e5-f6a7-8901-bcde-f12345678901,2026-03-28,30,,,,,,,,-,,,,,,PARTIAL,,2026-04-02 10:13:59.279883,,,,
3001,73,b2c3d4e5-f6a7-8901-bcde-f12345678901,2026-03-29,30,,,,,,,,-,,,,,,OFFLINE,,2026-04-02 10:14:09.75069,,,,
3002,73,b2c3d4e5-f6a7-8901-bcde-f12345678901,2026-03-30,30,,,,,,,,-,,,,,,OFFLINE,,2026-04-02 10:14:20.510621,,,,
2452,73,b2c3d4e5-f6a7-8901-bcde-f12345678901,2025-01-29,90.2,,,,,1.144,3.071,,B,5.029,,,,,RUNNING,,2026-04-02 07:07:49.213964,87.1,81.5,100,100
2453,73,b2c3d4e5-f6a7-8901-bcde-f12345678901,2025-01-30,87,,,,,1.249,5.587,,B,4.98,,,,,RUNNING,,2026-04-02 07:08:07.612934,87.4,80.7,84.1,100
2457,73,b2c3d4e5-f6a7-8901-bcde-f12345678901,2025-01-31,96.1,,,,,1.289,3.804,,B,4.75,,,,,RUNNING,,2026-04-02 07:08:52.926872,90.3,100,100,100
2459,73,b2c3d4e5-f6a7-8901-bcde-f12345678901,2025-02-01,73.2,,,,,1.441,1.737,,B,4.271,,,,,RUNNING,,2026-04-02 07:09:05.933706,93,4.1,100,100
2462,73,b2c3d4e5-f6a7-8901-bcde-f12345678901,2025-02-02,86.5,,,,,1.204,6.678,,B,4.8,,,,,RUNNING,,2026-04-02 07:09:30.139288,88.4,85.8,73.2,100
2467,73,b2c3d4e5-f6a7-8901-bcde-f12345678901,2025-02-03,90.2,,,,,1.188,4.166,,B,4.812,,,,,RUNNING,,2026-04-02 07:09:59.88758,88.4,80.7,98.3,100
2470,73,b2c3d4e5-f6a7-8901-bcde-f12345678901,2025-02-04,89,,,,,1.19,4.325,,B,4.756,,,,,RUNNING,,2026-04-02 07:10:13.411593,88.7,76.7,96.7,100
2473,73,b2c3d4e5-f6a7-8901-bcde-f12345678901,2025-02-05,88.5,,,,,1.184,5.054,,B,4.776,,,,,RUNNING,,2026-04-02 07:10:13.461631,88.6,80.9,89.5,100
2677,73,b2c3d4e5-f6a7-8901-bcde-f12345678901,2025-07-07,85.3,,,,,1.095,2.594,,C,9.617,,,,,RUNNING,,2026-04-02 07:31:53.884823,66.9,94.1,100,100
2896,73,b2c3d4e5-f6a7-8901-bcde-f12345678901,2025-12-14,61.9,,,,,1.312,1.666,,C,9.804,,,,,RUNNING,,2026-04-02 09:57:16.185742,71.3,0,100,89.2
2897,73,b2c3d4e5-f6a7-8901-bcde-f12345678901,2025-12-15,61.4,,,,,1.29,1.271,,C,9.489,,,,,RUNNING,,2026-04-02 09:57:16.191994,73.3,0,100,80.8
2898,73,b2c3d4e5-f6a7-8901-bcde-f12345678901,2025-12-16,61,,,,,1.216,1.924,,C,10.216,,,,,RUNNING,,2026-04-02 09:57:16.197488,69.7,0,100,87.8
2899,73,b2c3d4e5-f6a7-8901-bcde-f12345678901,2025-12-17,61.5,,,,,1.303,1.78,,C,10.184,,,,,RUNNING,,2026-04-02 09:57:16.202937,70,0,100,89.9
2900,73,b2c3d4e5-f6a7-8901-bcde-f12345678901,2025-12-18,60.6,,,,,1.319,1.512,,C,9.971,,,,,RUNNING,,2026-04-02 09:57:16.208299,71.3,0,100,80.8
2901,73,b2c3d4e5-f6a7-8901-bcde-f12345678901,2025-12-19,60.9,,,,,1.268,1.671,,C,9.92,,,,,RUNNING,,2026-04-02 09:57:16.214285,71,0,100,83.6
2902,73,b2c3d4e5-f6a7-8901-bcde-f12345678901,2025-12-20,30,,,,,,,,-,,,,,,PARTIAL,,2026-04-02 09:57:16.219088,,,,
2903,73,b2c3d4e5-f6a7-8901-bcde-f12345678901,2025-12-21,62.9,,,,,1.26,1.541,,C,10.01,,,,,RUNNING,,2026-04-02 09:57:25.856663,70.5,0,100,98.2
2904,73,b2c3d4e5-f6a7-8901-bcde-f12345678901,2025-12-22,61.6,,,,,1.299,1.511,,C,10.163,,,,,RUNNING,,2026-04-02 09:57:25.866662,70.7,0,100,88.5
2905,73,b2c3d4e5-f6a7-8901-bcde-f12345678901,2025-12-23,60.8,,,,,1.32,1.509,,C,10.125,,,,,RUNNING,,2026-04-02 09:57:25.875713,70.9,0,100,82.9
2906,73,b2c3d4e5-f6a7-8901-bcde-f12345678901,2025-12-24,60.3,,,,,1.312,1.556,,C,10.376,,,,,RUNNING,,2026-04-02 09:57:25.883749,70.1,0,100,81.5
2907,73,b2c3d4e5-f6a7-8901-bcde-f12345678901,2025-12-25,60.2,,,,,1.299,1.659,,C,10.518,,,,,RUNNING,,2026-04-02 09:57:25.895205,69.5,0,100,82.9
2908,73,b2c3d4e5-f6a7-8901-bcde-f12345678901,2025-12-26,60.3,,,,,1.275,1.461,,C,10.249,,,,,RUNNING,,2026-04-02 09:57:25.907251,70.7,0,100,80.1
2909,73,b2c3d4e5-f6a7-8901-bcde-f12345678901,2025-12-27,30,,,,,,,,-,,,,,,PARTIAL,,2026-04-02 09:57:25.913386,,,,
2910,73,b2c3d4e5-f6a7-8901-bcde-f12345678901,2025-12-28,60.9,,,,,1.32,1.247,,C,10.025,,,,,RUNNING,,2026-04-02 09:57:38.658681,72,0,100,80.8
2911,73,b2c3d4e5-f6a7-8901-bcde-f12345678901,2025-12-29,61.1,,,,,1.295,1.419,,C,10.265,,,,,RUNNING,,2026-04-02 09:57:38.66422,70.8,0,100,85
2912,73,b2c3d4e5-f6a7-8901-bcde-f12345678901,2025-12-30,30,,,,,,,,-,,,,,,PARTIAL,,2026-04-02 09:57:38.668875,,,,
2913,73,b2c3d4e5-f6a7-8901-bcde-f12345678901,2025-12-31,60.5,,,,,1.269,1.51,,C,10.428,,,,,RUNNING,,2026-04-02 09:57:50.556414,70.1,0,100,82.9
2914,73,b2c3d4e5-f6a7-8901-bcde-f12345678901,2026-01-01,60.8,,,,,1.324,1.393,,C,10.257,,,,,RUNNING,,2026-04-02 09:57:50.562374,70.8,0,100,82.9
2915,73,b2c3d4e5-f6a7-8901-bcde-f12345678901,2026-01-02,60.5,,,,,1.275,1.502,,C,10.408,,,,,RUNNING,,2026-04-02 09:57:50.567575,70.2,0,100,82.9
2916,73,b2c3d4e5-f6a7-8901-bcde-f12345678901,2026-01-03,60.7,,,,,1.259,1.51,,C,10.516,,,,,RUNNING,,2026-04-02 09:57:50.572842,69.8,0,100,85
2917,73,b2c3d4e5-f6a7-8901-bcde-f12345678901,2026-01-04,60.4,,,,,1.234,1.815,,C,10.797,,,,,RUNNING,,2026-04-02 09:57:50.580407,68.3,0,100,87.1
2918,73,b2c3d4e5-f6a7-8901-bcde-f12345678901,2026-01-05,60.3,,,,,1.254,1.658,,C,10.732,,,,,RUNNING,,2026-04-02 09:57:50.588441,68.9,0,100,85
2919,73,b2c3d4e5-f6a7-8901-bcde-f12345678901,2026-01-06,60.2,,,,,1.325,1.505,,C,10.748,,,,,RUNNING,,2026-04-02 09:57:50.594125,69.3,0,100,82.9
2920,73,b2c3d4e5-f6a7-8901-bcde-f12345678901,2026-01-07,30,,,,,,,,-,,,,,,OFFLINE,,2026-04-02 09:57:50.598984,,,,
2921,73,b2c3d4e5-f6a7-8901-bcde-f12345678901,2026-01-08,30,,,,,,,,-,,,,,,OFFLINE,,2026-04-02 09:58:00.200237,,,,
2922,73,b2c3d4e5-f6a7-8901-bcde-f12345678901,2026-01-09,30,,,,,,,,-,,,,,,OFFLINE,,2026-04-02 09:58:13.833208,,,,
2923,73,b2c3d4e5-f6a7-8901-bcde-f12345678901,2026-01-10,30,,,,,,,,-,,,,,,OFFLINE,,2026-04-02 09:58:27.597669,,,,
2924,73,b2c3d4e5-f6a7-8901-bcde-f12345678901,2026-01-11,30,,,,,,,,-,,,,,,PARTIAL,,2026-04-02 09:58:45.613042,,,,
2925,73,b2c3d4e5-f6a7-8901-bcde-f12345678901,2026-01-12,59.3,,,,,1.256,1.657,,C,11.11,,,,,RUNNING,,2026-04-02 09:58:53.442412,68,0,100,80.8
2926,73,b2c3d4e5-f6a7-8901-bcde-f12345678901,2026-01-13,77.7,,,,,1.061,3.891,,C,13.294,,,,,RUNNING,,2026-04-02 09:58:53.448031,55.1,82.5,100,100
2927,73,b2c3d4e5-f6a7-8901-bcde-f12345678901,2026-01-14,63.8,,,,,1,3,,C,13.18,,,,,RUNNING,,2026-04-02 09:59:05.672331,55.5,80,100,10.7
2928,73,b2c3d4e5-f6a7-8901-bcde-f12345678901,2026-01-15,76.5,,,,,1.087,4.494,,C,13.282,,,,,RUNNING,,2026-04-02 09:59:06.254714,55.2,81.5,95.1,100
2929,73,b2c3d4e5-f6a7-8901-bcde-f12345678901,2026-01-16,76.7,,,,,1.066,2.238,,C,13.395,,,,,RUNNING,,2026-04-02 09:59:24.081708,54.8,79,100,100
2930,73,b2c3d4e5-f6a7-8901-bcde-f12345678901,2026-01-17,74.7,,,,,1.062,4.358,,C,13.205,,,,,RUNNING,,2026-04-02 09:59:35.318864,55.4,73.2,96.4,100
2931,73,b2c3d4e5-f6a7-8901-bcde-f12345678901,2026-01-18,74.8,,,,,1.096,3.709,,C,13.483,,,,,RUNNING,,2026-04-02 09:59:35.324539,54.5,72.1,100,100
2475,73,b2c3d4e5-f6a7-8901-bcde-f12345678901,2025-04-21,90,,,,,1.116,2.425,,B,5.124,,,,,RUNNING,,2026-04-02 07:10:42.602319,86.5,81.5,100,100
2477,73,b2c3d4e5-f6a7-8901-bcde-f12345678901,2025-04-22,89.9,,,,,1.131,2.175,,B,5.254,,,,,RUNNING,,2026-04-02 07:10:56.167181,85.8,82.5,100,100
2479,73,b2c3d4e5-f6a7-8901-bcde-f12345678901,2025-04-23,87.7,,,,,1.097,2.467,,B,5.169,,,,,RUNNING,,2026-04-02 07:10:56.212941,86.3,72.7,100,100
2483,73,b2c3d4e5-f6a7-8901-bcde-f12345678901,2025-04-24,89.2,,,,,1.152,3.778,,B,5.254,,,,,RUNNING,,2026-04-02 07:10:56.261979,85.8,79.3,100,100
2485,73,b2c3d4e5-f6a7-8901-bcde-f12345678901,2025-04-25,30,,,,,,,,-,,,,,,PARTIAL,,2026-04-02 07:10:56.310074,,,,
2490,73,b2c3d4e5-f6a7-8901-bcde-f12345678901,2025-04-26,30,,,,,,,,-,,,,,,OFFLINE,,2026-04-02 07:11:20.214921,,,,
2495,73,b2c3d4e5-f6a7-8901-bcde-f12345678901,2025-04-27,71,,,,,1.404,1.662,,B,4.163,,,,,RUNNING,,2026-04-02 07:11:31.962881,95.6,0,100,85
2498,73,b2c3d4e5-f6a7-8901-bcde-f12345678901,2025-04-28,90,,,,,1.212,3.547,,B,5.134,,,,,RUNNING,,2026-04-02 07:11:58.410963,86.5,81.6,100,100
2500,73,b2c3d4e5-f6a7-8901-bcde-f12345678901,2025-04-29,89.9,,,,,1.171,3.299,,B,5.086,,,,,RUNNING,,2026-04-02 07:12:13.822918,86.8,80.6,100,100
2502,73,b2c3d4e5-f6a7-8901-bcde-f12345678901,2025-04-30,87.8,,,,,1.233,4.518,,B,5.121,,,,,RUNNING,,2026-04-02 07:12:13.850726,86.6,76.7,94.8,100
2505,73,b2c3d4e5-f6a7-8901-bcde-f12345678901,2025-05-01,89.7,,,,,1.181,2.633,,B,5.155,,,,,RUNNING,,2026-04-02 07:12:13.870855,86.4,80.4,100,100
2507,73,b2c3d4e5-f6a7-8901-bcde-f12345678901,2025-05-02,30,,,,,,,,-,,,,,,PARTIAL,,2026-04-02 07:12:24.211726,,,,
2510,73,b2c3d4e5-f6a7-8901-bcde-f12345678901,2025-05-03,30,,,,,,,,-,,,,,,OFFLINE,,2026-04-02 07:12:52.883774,,,,
2513,73,b2c3d4e5-f6a7-8901-bcde-f12345678901,2025-05-04,70.3,,,,,1.326,1.899,,B,4.268,,,,,RUNNING,,2026-04-02 07:13:30.988478,95.1,0,100,81.5
2518,73,b2c3d4e5-f6a7-8901-bcde-f12345678901,2025-05-05,88.9,,,,,1.167,3.025,,B,5.106,,,,,RUNNING,,2026-04-02 07:14:06.38672,86.6,76.9,100,100
2519,73,b2c3d4e5-f6a7-8901-bcde-f12345678901,2025-05-06,88.8,,,,,1.13,2.836,,B,5.033,,,,,RUNNING,,2026-04-02 07:14:15.791826,87.1,75.9,100,100
2521,73,b2c3d4e5-f6a7-8901-bcde-f12345678901,2025-05-07,87.9,,,,,1.154,2.918,,B,5.091,,,,,RUNNING,,2026-04-02 07:14:30.838983,86.7,73,100,100
2524,73,b2c3d4e5-f6a7-8901-bcde-f12345678901,2025-05-08,89.2,,,,,1.129,3.681,,B,4.944,,,,,RUNNING,,2026-04-02 07:14:44.703483,87.6,76.9,100,100
2527,73,b2c3d4e5-f6a7-8901-bcde-f12345678901,2025-05-09,30,,,,,,,,-,,,,,,PARTIAL,,2026-04-02 07:14:44.737318,,,,
2531,73,b2c3d4e5-f6a7-8901-bcde-f12345678901,2025-05-10,30,,,,,,,,-,,,,,,OFFLINE,,2026-04-02 07:15:06.415545,,,,
2682,73,b2c3d4e5-f6a7-8901-bcde-f12345678901,2025-07-09,81.9,,,,,1,3,,C,9.798,,,,,RUNNING,,2026-04-02 07:32:25.756953,66.6,80,100,10.7
2932,73,b2c3d4e5-f6a7-8901-bcde-f12345678901,2026-01-19,76,,,,,1.069,2.721,,C,13.407,,,,,RUNNING,,2026-04-02 09:59:48.568646,54.8,76.5,100,100
2933,73,b2c3d4e5-f6a7-8901-bcde-f12345678901,2026-01-20,76.4,,,,,1.039,3.365,,C,13.638,,,,,RUNNING,,2026-04-02 10:00:02.552357,54,79.4,100,100
2934,73,b2c3d4e5-f6a7-8901-bcde-f12345678901,2026-01-21,76.8,,,,,1.051,3.777,,C,13.709,,,,,RUNNING,,2026-04-02 10:00:14.547573,53.8,81,100,100
2935,73,b2c3d4e5-f6a7-8901-bcde-f12345678901,2026-01-22,76.3,,,,,1.028,2.913,,C,13.766,,,,,RUNNING,,2026-04-02 10:00:30.075581,53.6,79.6,100,100
2936,73,b2c3d4e5-f6a7-8901-bcde-f12345678901,2026-01-23,75.6,,,,,1.026,2.67,,C,13.901,,,,,RUNNING,,2026-04-02 10:00:30.082047,53.2,77.3,100,100
2739,73,b2c3d4e5-f6a7-8901-bcde-f12345678901,2025-07-10,81.9,,,,,1.062,3.347,,C,9.977,,,,,RUNNING,,2026-04-02 09:37:53.669461,65.8,82.5,100,100
2476,73,b2c3d4e5-f6a7-8901-bcde-f12345678901,2025-02-06,90.2,,,,,1.135,2.853,,B,4.756,,,,,RUNNING,,2026-04-02 07:10:56.162017,88.7,79,100,100
2480,73,b2c3d4e5-f6a7-8901-bcde-f12345678901,2025-02-07,87.8,,,,,1.194,4.792,,B,4.81,,,,,RUNNING,,2026-04-02 07:10:56.212951,88.4,76,92.1,100
2482,73,b2c3d4e5-f6a7-8901-bcde-f12345678901,2025-02-08,78,,,,,1.611,1.432,,B,4.348,,,,,RUNNING,,2026-04-02 07:10:56.261817,99.7,100,100,100
2486,73,b2c3d4e5-f6a7-8901-bcde-f12345678901,2025-02-09,73.1,,,,,1.959,2.532,,B,4.259,,,,,RUNNING,,2026-04-02 07:10:56.310124,93.6,2.5,100,100
2489,73,b2c3d4e5-f6a7-8901-bcde-f12345678901,2025-02-10,91.2,,,,,1.178,3.642,,B,4.721,,,,,RUNNING,,2026-04-02 07:11:20.214503,88.9,82.6,100,100
2492,73,b2c3d4e5-f6a7-8901-bcde-f12345678901,2025-02-11,90.8,,,,,1.11,2.039,,B,4.625,,,,,RUNNING,,2026-04-02 07:11:31.915556,89.4,80.1,100,100
2494,73,b2c3d4e5-f6a7-8901-bcde-f12345678901,2025-02-12,90.8,,,,,1.135,3.286,,B,4.679,,,,,RUNNING,,2026-04-02 07:11:31.96286,89.1,80.6,100,100
2496,73,b2c3d4e5-f6a7-8901-bcde-f12345678901,2025-02-13,96.2,,,,,1.38,1.352,,B,3.76,,,,,RUNNING,,2026-04-02 07:11:58.369193,98.1,100,100,80.1
2499,73,b2c3d4e5-f6a7-8901-bcde-f12345678901,2025-02-14,30,,,,,,,,-,,,,,,PARTIAL,,2026-04-02 07:11:58.410934,,,,
2504,73,b2c3d4e5-f6a7-8901-bcde-f12345678901,2025-02-26,83.4,,,,,1.201,6.016,,B,4.521,,,,,RUNNING,,2026-04-02 07:12:13.856057,90,85.5,79.8,66.9
2508,73,b2c3d4e5-f6a7-8901-bcde-f12345678901,2025-02-27,90.4,,,,,1.148,2.703,,B,4.469,,,,,RUNNING,,2026-04-02 07:12:52.675205,90.3,77,100,100
2511,73,b2c3d4e5-f6a7-8901-bcde-f12345678901,2025-03-01,30,,,,,,,,-,,,,,,PARTIAL,,2026-04-02 07:12:52.88364,,,,
2514,73,b2c3d4e5-f6a7-8901-bcde-f12345678901,2025-03-02,72,,,,,1.547,1.745,,B,3.903,,,,,RUNNING,,2026-04-02 07:13:30.988514,96.6,0,100,89.2
2516,73,b2c3d4e5-f6a7-8901-bcde-f12345678901,2025-03-03,73.8,,,,,1.265,9.11,,B,4.448,,,,,RUNNING,,2026-04-02 07:14:06.385129,91.2,50.1,48.9,100
2523,73,b2c3d4e5-f6a7-8901-bcde-f12345678901,2025-03-04,96.9,,,,,1.288,3.492,,B,4.058,,,,,RUNNING,,2026-04-02 07:14:44.703008,94.7,100,100,93.3
2525,73,b2c3d4e5-f6a7-8901-bcde-f12345678901,2025-03-05,88.8,,,,,1.169,5.396,,B,4.472,,,,,RUNNING,,2026-04-02 07:14:44.73226,90.3,82,86,100
2530,73,b2c3d4e5-f6a7-8901-bcde-f12345678901,2025-03-06,90.1,,,,,1.158,4.121,,B,4.56,,,,,RUNNING,,2026-04-02 07:15:06.415001,89.8,77.7,98.8,100
2740,73,b2c3d4e5-f6a7-8901-bcde-f12345678901,2025-07-11,88,,,,,1.24,3.401,,C,9.463,,,,,RUNNING,,2026-04-02 09:38:06.317378,70,100,100,100
2741,73,b2c3d4e5-f6a7-8901-bcde-f12345678901,2025-07-12,30,,,,,,,,-,,,,,,PARTIAL,,2026-04-02 09:38:06.322786,,,,
2742,73,b2c3d4e5-f6a7-8901-bcde-f12345678901,2025-07-13,62.4,,,,,1.268,1.609,,C,8.82,,,,,RUNNING,,2026-04-02 09:38:17.732858,74.1,0,100,85
2743,73,b2c3d4e5-f6a7-8901-bcde-f12345678901,2025-07-14,81.4,,,,,1.078,4.488,,C,10.62,,,,,RUNNING,,2026-04-02 09:38:28.790558,63.7,87.7,95.1,100
2744,73,b2c3d4e5-f6a7-8901-bcde-f12345678901,2025-07-15,78.9,,,,,1.044,3.567,,C,10.56,,,,,RUNNING,,2026-04-02 09:38:43.051883,63.9,73.4,100,100
2745,73,b2c3d4e5-f6a7-8901-bcde-f12345678901,2025-07-16,76.8,,,,,1.054,2.187,,C,11.042,,,,,RUNNING,,2026-04-02 09:38:57.31818,62.4,67.3,100,100
2746,73,b2c3d4e5-f6a7-8901-bcde-f12345678901,2025-07-17,68.7,,,,,1.086,8.171,,C,11.855,,,,,RUNNING,,2026-04-02 09:39:12.241306,59.7,72.7,58.3,100
2747,73,b2c3d4e5-f6a7-8901-bcde-f12345678901,2025-07-18,87.5,,,,,1.385,1.314,,C,10.094,,,,,RUNNING,,2026-04-02 09:39:37.05342,71.3,100,100,93.3
2748,73,b2c3d4e5-f6a7-8901-bcde-f12345678901,2025-07-19,30,,,,,,,,-,,,,,,PARTIAL,,2026-04-02 09:39:37.058648,,,,
2749,73,b2c3d4e5-f6a7-8901-bcde-f12345678901,2025-07-20,30,,,,,,,,-,,,,,,PARTIAL,,2026-04-02 09:39:47.835861,,,,
2750,73,b2c3d4e5-f6a7-8901-bcde-f12345678901,2025-07-21,77.2,,,,,1.034,3.311,,C,13.512,,,,,RUNNING,,2026-04-02 09:39:55.617797,54.4,81.7,100,100
2751,73,b2c3d4e5-f6a7-8901-bcde-f12345678901,2025-07-22,71.8,,,,,1.04,1.789,,C,13.856,,,,,RUNNING,,2026-04-02 09:40:10.811794,53.3,62,100,100
2752,73,b2c3d4e5-f6a7-8901-bcde-f12345678901,2025-07-23,74.2,,,,,1.022,3.051,,C,14.41,,,,,RUNNING,,2026-04-02 09:40:10.820867,51.5,74.3,100,100
2753,73,b2c3d4e5-f6a7-8901-bcde-f12345678901,2025-07-24,75.1,,,,,1.027,3.464,,C,14.409,,,,,RUNNING,,2026-04-02 09:40:24.021145,51.5,77.8,100,100
2754,73,b2c3d4e5-f6a7-8901-bcde-f12345678901,2025-07-25,30,,,,,,,,-,,,,,,PARTIAL,,2026-04-02 09:40:38.312227,,,,
2755,73,b2c3d4e5-f6a7-8901-bcde-f12345678901,2025-07-26,86.8,,,,,2.051,3.113,,A,1.874,,,,,RUNNING,,2026-04-02 09:40:50.816692,100,47.1,100,100
2756,73,b2c3d4e5-f6a7-8901-bcde-f12345678901,2025-07-27,59.9,,,,,1.219,1.886,,C,12.32,,,,,RUNNING,,2026-04-02 09:40:50.823209,62.2,0,100,100
2757,73,b2c3d4e5-f6a7-8901-bcde-f12345678901,2025-07-28,76.8,,,,,1.038,2.218,,C,14.71,,,,,RUNNING,,2026-04-02 09:41:03.397336,50.6,86.2,100,100
2758,73,b2c3d4e5-f6a7-8901-bcde-f12345678901,2025-07-29,74.6,,,,,1.046,2.991,,C,15.016,,,,,RUNNING,,2026-04-02 09:41:20.202599,49.6,78.9,100,100
2759,73,b2c3d4e5-f6a7-8901-bcde-f12345678901,2025-07-30,76.4,,,,,1.035,2.968,,C,14.608,,,,,RUNNING,,2026-04-02 09:41:35.79902,50.9,84.1,100,100
2760,73,b2c3d4e5-f6a7-8901-bcde-f12345678901,2025-07-31,70.7,,,,,1.049,2.385,,C,14.903,,,,,RUNNING,,2026-04-02 09:41:49.790829,50,62.8,100,100
2761,73,b2c3d4e5-f6a7-8901-bcde-f12345678901,2025-08-01,94.7,,,,,2.41,3.906,,B,6.607,,,,,RUNNING,,2026-04-02 09:41:59.983144,93.3,100,100,82.9
2762,73,b2c3d4e5-f6a7-8901-bcde-f12345678901,2025-08-02,83,,,,,2.84,5.736,,B,5.738,,,,,RUNNING,,2026-04-02 09:41:59.990075,97,54.9,82.6,93.3
2763,73,b2c3d4e5-f6a7-8901-bcde-f12345678901,2025-08-03,59.5,,,,,1.24,1.908,,C,13.084,,,,,RUNNING,,2026-04-02 09:42:10.31347,61.2,0,100,100
2764,73,b2c3d4e5-f6a7-8901-bcde-f12345678901,2025-08-04,77.6,,,,,1.067,3.394,,C,15.707,,,,,RUNNING,,2026-04-02 09:42:24.446221,47.4,94.4,100,100
2765,73,b2c3d4e5-f6a7-8901-bcde-f12345678901,2025-08-05,76.1,,,,,1.036,2.593,,C,15.706,,,,,RUNNING,,2026-04-02 09:42:39.247493,47.4,88.8,100,100
3003,73,b2c3d4e5-f6a7-8901-bcde-f12345678901,2026-03-31,30,,,,,,,,-,,,,,,OFFLINE,,2026-04-02 10:14:29.059007,,,,
2766,73,b2c3d4e5-f6a7-8901-bcde-f12345678901,2025-08-06,72.6,,,,,1.065,5.475,,C,15.433,,,,,RUNNING,,2026-04-02 09:42:50.733979,48.3,85,85.2,100
2532,73,b2c3d4e5-f6a7-8901-bcde-f12345678901,2025-03-07,30,,,,,,,,-,,,,,,PARTIAL,,2026-04-02 07:15:16.619509,,,,
2535,73,b2c3d4e5-f6a7-8901-bcde-f12345678901,2025-03-08,93.5,,,,,1.613,2.102,,A,0.758,,,,,RUNNING,,2026-04-02 07:15:48.019091,100,75.6,100,97.5
2538,73,b2c3d4e5-f6a7-8901-bcde-f12345678901,2025-03-09,81.6,,,,,1.422,1.622,,A,0.992,,,,,RUNNING,,2026-04-02 07:15:48.03185,96.3,0,100,100
2543,73,b2c3d4e5-f6a7-8901-bcde-f12345678901,2025-03-10,90.4,,,,,1.124,3.052,,B,4.672,,,,,RUNNING,,2026-04-02 07:15:59.405358,89.1,78.8,100,100
2546,73,b2c3d4e5-f6a7-8901-bcde-f12345678901,2025-03-11,91.6,,,,,1.137,2.408,,B,4.802,,,,,RUNNING,,2026-04-02 07:15:59.413072,88.4,84.9,100,100
2548,73,b2c3d4e5-f6a7-8901-bcde-f12345678901,2025-03-12,68.1,,,,,1.285,17.914,,B,4.845,,,,,RUNNING,,2026-04-02 07:16:19.797956,88.6,70.8,0,99.6
2551,73,b2c3d4e5-f6a7-8901-bcde-f12345678901,2025-03-13,64.6,,,,,1.273,1.32,,C,7.652,,,,,RUNNING,,2026-04-02 07:16:48.923609,74.1,0,100,100
2554,73,b2c3d4e5-f6a7-8901-bcde-f12345678901,2025-03-14,30,,,,,,,,-,,,,,,PARTIAL,,2026-04-02 07:17:08.872838,,,,
2557,73,b2c3d4e5-f6a7-8901-bcde-f12345678901,2025-03-15,30,,,,,,,,-,,,,,,PARTIAL,,2026-04-02 07:17:40.968871,,,,
2560,73,b2c3d4e5-f6a7-8901-bcde-f12345678901,2025-03-16,65.8,,,,,1.312,1.714,,B,6.988,,,,,RUNNING,,2026-04-02 07:18:08.273994,81.6,0,100,87.8
2563,73,b2c3d4e5-f6a7-8901-bcde-f12345678901,2025-03-17,79.3,,,,,1.068,2.15,,C,8.975,,,,,RUNNING,,2026-04-02 07:18:29.117358,69,66.6,100,100
2564,73,b2c3d4e5-f6a7-8901-bcde-f12345678901,2025-03-18,84.1,,,,,1.081,2.355,,C,9.151,,,,,RUNNING,,2026-04-02 07:18:29.132664,68.4,87,100,100
2567,73,b2c3d4e5-f6a7-8901-bcde-f12345678901,2025-03-19,81.8,,,,,1.083,3.563,,C,9.298,,,,,RUNNING,,2026-04-02 07:19:08.899779,68,78.6,100,100
2572,73,b2c3d4e5-f6a7-8901-bcde-f12345678901,2025-03-20,82.8,,,,,1.134,2.719,,C,9.382,,,,,RUNNING,,2026-04-02 07:19:21.692815,67.7,82.9,100,100
2574,73,b2c3d4e5-f6a7-8901-bcde-f12345678901,2025-03-21,30,,,,,,,,-,,,,,,PARTIAL,,2026-04-02 07:19:44.228386,,,,
2578,73,b2c3d4e5-f6a7-8901-bcde-f12345678901,2025-03-22,30,,,,,,,,-,,,,,,OFFLINE,,2026-04-02 07:20:02.604318,,,,
2581,73,b2c3d4e5-f6a7-8901-bcde-f12345678901,2025-03-23,65,,,,,1.324,1.903,,B,7.63,,,,,RUNNING,,2026-04-02 07:20:30.456335,78.1,0,100,91.9
2586,73,b2c3d4e5-f6a7-8901-bcde-f12345678901,2025-03-24,83.2,,,,,1.077,2.387,,C,9.348,,,,,RUNNING,,2026-04-02 07:20:50.333748,67.8,84.3,100,100
2591,73,b2c3d4e5-f6a7-8901-bcde-f12345678901,2025-03-25,81.6,,,,,1.104,3.247,,C,9.489,,,,,RUNNING,,2026-04-02 07:21:00.481795,67.3,78.5,100,100
2767,73,b2c3d4e5-f6a7-8901-bcde-f12345678901,2025-08-07,74.8,,,,,1.05,2.609,,C,15.73,,,,,RUNNING,,2026-04-02 09:43:15.086141,47.3,83.4,100,100
2768,73,b2c3d4e5-f6a7-8901-bcde-f12345678901,2025-08-08,84.7,,,,,1.339,1.283,,C,12.067,,,,,RUNNING,,2026-04-02 09:43:15.09197,66.5,100,100,87.1
2769,73,b2c3d4e5-f6a7-8901-bcde-f12345678901,2025-08-09,81.6,,,,,1,3,,A,1.06,,,,,RUNNING,,2026-04-02 09:43:15.095872,100,80,100,10.7
2937,73,b2c3d4e5-f6a7-8901-bcde-f12345678901,2026-01-24,84.5,,,,,1.261,1.612,,C,11.64,,,,,RUNNING,,2026-04-02 10:00:40.336602,66.5,100,100,86.4
2938,73,b2c3d4e5-f6a7-8901-bcde-f12345678901,2026-01-25,59.2,,,,,1.215,1.911,,C,11.892,,,,,RUNNING,,2026-04-02 10:00:40.342304,65.1,0,100,87.8
2939,73,b2c3d4e5-f6a7-8901-bcde-f12345678901,2026-01-26,74.7,,,,,1.036,3.538,,C,14.12,,,,,RUNNING,,2026-04-02 10:00:50.544004,52.5,75,100,100
2940,73,b2c3d4e5-f6a7-8901-bcde-f12345678901,2026-01-27,74.8,,,,,1.046,4.042,,C,14.32,,,,,RUNNING,,2026-04-02 10:00:50.550553,51.8,76.8,99.6,100
2941,73,b2c3d4e5-f6a7-8901-bcde-f12345678901,2026-01-28,73,,,,,1.059,5.227,,C,14.408,,,,,RUNNING,,2026-04-02 10:01:01.686803,51.5,79.3,87.7,100
2942,73,b2c3d4e5-f6a7-8901-bcde-f12345678901,2026-01-29,83.2,,,,,1.205,1.189,,C,12.507,,,,,RUNNING,,2026-04-02 10:01:30.237746,58,100,100,100
2943,73,b2c3d4e5-f6a7-8901-bcde-f12345678901,2026-01-30,79.4,,,,,1.048,2.554,,C,10.946,,,,,RUNNING,,2026-04-02 10:01:44.101426,62.7,77.4,100,100
2944,73,b2c3d4e5-f6a7-8901-bcde-f12345678901,2026-01-31,79.6,,,,,1.034,2.266,,C,11.001,,,,,RUNNING,,2026-04-02 10:01:58.791982,62.5,78.5,100,100
2945,73,b2c3d4e5-f6a7-8901-bcde-f12345678901,2026-02-01,55.8,,,,,1.091,43.819,,C,10.995,,,,,RUNNING,,2026-04-02 10:01:58.798323,62.8,62.9,0,100
2534,73,b2c3d4e5-f6a7-8901-bcde-f12345678901,2025-05-11,30,,,,,1.396,1.831,,-,,,,,,OFFLINE,,2026-04-02 07:15:27.307722,95.2,0,100,80.8
2537,73,b2c3d4e5-f6a7-8901-bcde-f12345678901,2025-05-12,88.8,,,,,1.114,3.387,,B,4.898,,,,,RUNNING,,2026-04-02 07:15:48.031596,87.8,74.7,100,100
2540,73,b2c3d4e5-f6a7-8901-bcde-f12345678901,2025-05-13,88.9,,,,,1.154,4.418,,B,4.993,,,,,RUNNING,,2026-04-02 07:15:59.39059,87.3,79.3,95.8,100
2542,73,b2c3d4e5-f6a7-8901-bcde-f12345678901,2025-05-14,89.1,,,,,1.151,3.96,,B,4.967,,,,,RUNNING,,2026-04-02 07:15:59.402903,87.4,76.6,100,100
2545,73,b2c3d4e5-f6a7-8901-bcde-f12345678901,2025-05-15,85,,,,,1.203,5.966,,B,5.014,,,,,RUNNING,,2026-04-02 07:15:59.411578,87.2,76.2,80.3,100
2549,73,b2c3d4e5-f6a7-8901-bcde-f12345678901,2025-05-16,30,,,,,,,,-,,,,,,OFFLINE,,2026-04-02 07:16:29.162092,,,,
2552,73,b2c3d4e5-f6a7-8901-bcde-f12345678901,2025-05-17,30,,,,,,,,-,,,,,,PARTIAL,,2026-04-02 07:16:56.924073,,,,
2556,73,b2c3d4e5-f6a7-8901-bcde-f12345678901,2025-05-18,30,,,,,,,,-,,,,,,PARTIAL,,2026-04-02 07:17:31.343807,,,,
2559,73,b2c3d4e5-f6a7-8901-bcde-f12345678901,2025-05-19,87.4,,,,,1.246,5.53,,B,4.892,,,,,RUNNING,,2026-04-02 07:17:58.79925,87.9,81,84.7,100
2562,73,b2c3d4e5-f6a7-8901-bcde-f12345678901,2025-05-20,89.1,,,,,1.11,2.133,,B,4.953,,,,,RUNNING,,2026-04-02 07:18:29.114828,87.5,76.3,100,100
2565,73,b2c3d4e5-f6a7-8901-bcde-f12345678901,2025-05-21,87.6,,,,,1.212,5.249,,B,4.957,,,,,RUNNING,,2026-04-02 07:18:29.132664,87.5,80.4,87.5,100
2568,73,b2c3d4e5-f6a7-8901-bcde-f12345678901,2025-05-22,88.6,,,,,1.154,4.63,,B,4.982,,,,,RUNNING,,2026-04-02 07:19:08.899779,87.4,79.7,93.7,100
2569,73,b2c3d4e5-f6a7-8901-bcde-f12345678901,2025-05-23,89.8,,,,,1.099,2.773,,B,4.977,,,,,RUNNING,,2026-04-02 07:19:21.675656,87.4,79.2,100,100
2571,73,b2c3d4e5-f6a7-8901-bcde-f12345678901,2025-05-24,30,,,,,,,,-,,,,,,PARTIAL,,2026-04-02 07:19:21.692722,,,,
2575,73,b2c3d4e5-f6a7-8901-bcde-f12345678901,2025-05-25,30,,,,,,,,-,,,,,,OFFLINE,,2026-04-02 07:19:44.229308,,,,
2579,73,b2c3d4e5-f6a7-8901-bcde-f12345678901,2025-05-26,30,,,,,,,,-,,,,,,OFFLINE,,2026-04-02 07:20:02.604763,,,,
2582,73,b2c3d4e5-f6a7-8901-bcde-f12345678901,2025-05-27,30,,,,,,,,-,,,,,,PARTIAL,,2026-04-02 07:20:30.45639,,,,
2585,73,b2c3d4e5-f6a7-8901-bcde-f12345678901,2025-05-28,88.6,,,,,1.122,2.119,,B,4.9,,,,,RUNNING,,2026-04-02 07:20:50.330509,87.8,74,100,100
2588,73,b2c3d4e5-f6a7-8901-bcde-f12345678901,2025-05-29,96.1,,,,,1.34,3.072,,B,4.453,,,,,RUNNING,,2026-04-02 07:20:50.336513,92.8,100,100,93.3
2590,73,b2c3d4e5-f6a7-8901-bcde-f12345678901,2025-05-30,30,,,,,,,,-,,,,,,OFFLINE,,2026-04-02 07:21:00.475554,,,,
2770,73,b2c3d4e5-f6a7-8901-bcde-f12345678901,2025-08-10,60.1,,,,,1.279,1.727,,C,12.27,,,,,RUNNING,,2026-04-02 09:43:15.652499,62.8,0,100,100
2771,73,b2c3d4e5-f6a7-8901-bcde-f12345678901,2025-08-11,73.3,,,,,1.034,2.23,,C,14.956,,,,,RUNNING,,2026-04-02 09:43:23.775431,49.8,73.4,100,100
2772,73,b2c3d4e5-f6a7-8901-bcde-f12345678901,2025-08-12,79.9,,,,,1.057,2.076,,C,14.944,,,,,RUNNING,,2026-04-02 09:43:35.28427,49.8,100,100,100
2773,73,b2c3d4e5-f6a7-8901-bcde-f12345678901,2025-08-13,77.2,,,,,1.068,3.896,,C,14.859,,,,,RUNNING,,2026-04-02 09:43:46.495911,50.1,88.6,100,100
2946,73,b2c3d4e5-f6a7-8901-bcde-f12345678901,2026-02-02,79.1,,,,,1.037,2.634,,C,11.155,,,,,RUNNING,,2026-04-02 10:02:27.655423,62,77,100,100
2947,73,b2c3d4e5-f6a7-8901-bcde-f12345678901,2026-02-03,79.3,,,,,1.041,3.356,,C,11.223,,,,,RUNNING,,2026-04-02 10:02:43.728853,61.8,78.6,100,100
2948,73,b2c3d4e5-f6a7-8901-bcde-f12345678901,2026-02-04,79.1,,,,,1.027,2.761,,C,11.347,,,,,RUNNING,,2026-04-02 10:02:58.689934,61.4,78.4,100,100
2949,73,b2c3d4e5-f6a7-8901-bcde-f12345678901,2026-02-05,79.4,,,,,1.039,3.109,,C,11.431,,,,,RUNNING,,2026-04-02 10:03:09.544864,61.1,80,100,100
2555,73,b2c3d4e5-f6a7-8901-bcde-f12345678901,2025-02-28,30,,,,,,,,-,,,,,,PARTIAL,,2026-04-02 07:17:08.872865,,,,
2774,73,b2c3d4e5-f6a7-8901-bcde-f12345678901,2025-08-14,78.9,,,,,1.064,2.082,,C,14.4,,,,,RUNNING,,2026-04-02 09:43:59.70144,51.6,93.2,100,100
2775,73,b2c3d4e5-f6a7-8901-bcde-f12345678901,2025-08-15,87.2,,,,,1.65,1.215,,B,9.236,,,,,RUNNING,,2026-04-02 09:43:59.708056,79.1,100,100,70.4
2776,73,b2c3d4e5-f6a7-8901-bcde-f12345678901,2025-08-16,30,,,,,,,,-,,,,,,PARTIAL,,2026-04-02 09:43:59.714319,,,,
2777,73,b2c3d4e5-f6a7-8901-bcde-f12345678901,2025-08-17,58.8,,,,,1.307,1.759,,C,12.971,,,,,RUNNING,,2026-04-02 09:44:15.106577,62.1,0,100,93.3
2778,73,b2c3d4e5-f6a7-8901-bcde-f12345678901,2025-08-18,78.4,,,,,1.052,2.107,,C,15.822,,,,,RUNNING,,2026-04-02 09:44:34.225547,47,98.2,100,100
2779,73,b2c3d4e5-f6a7-8901-bcde-f12345678901,2025-08-19,73.5,,,,,1.035,2.526,,C,15.743,,,,,RUNNING,,2026-04-02 09:44:45.293538,47.3,78.6,100,100
2780,73,b2c3d4e5-f6a7-8901-bcde-f12345678901,2025-08-20,50.5,,,,,1.142,30.362,,C,16.041,,,,,RUNNING,,2026-04-02 09:44:45.299409,46.4,67.9,0,100
2781,73,b2c3d4e5-f6a7-8901-bcde-f12345678901,2025-08-21,56.1,,,,,1.11,38.784,,C,16.619,,,,,RUNNING,,2026-04-02 09:45:06.659622,45,92.4,0,100
2782,73,b2c3d4e5-f6a7-8901-bcde-f12345678901,2025-08-22,30,,,,,,,,-,,,,,,PARTIAL,,2026-04-02 09:45:21.516171,,,,
2783,73,b2c3d4e5-f6a7-8901-bcde-f12345678901,2025-08-23,30,,,,,,,,-,,,,,,PARTIAL,,2026-04-02 09:45:32.249865,,,,
2784,73,b2c3d4e5-f6a7-8901-bcde-f12345678901,2025-08-24,72.3,,,,,1.108,4.416,,C,16.66,,,,,RUNNING,,2026-04-02 09:45:43.231219,44.3,81.7,95.8,100
2785,73,b2c3d4e5-f6a7-8901-bcde-f12345678901,2025-08-25,78.4,,,,,1.148,2.588,,C,16.152,,,,,RUNNING,,2026-04-02 09:45:53.385771,46,100,100,100
2786,73,b2c3d4e5-f6a7-8901-bcde-f12345678901,2025-08-26,75.9,,,,,1.095,2.663,,C,16.645,,,,,RUNNING,,2026-04-02 09:46:04.787905,44.4,92.5,100,100
2950,73,b2c3d4e5-f6a7-8901-bcde-f12345678901,2026-02-06,81.2,,,,,1.286,1.265,,C,9.004,,,,,RUNNING,,2026-04-02 10:03:21.08256,74.4,100,100,42.6
2951,73,b2c3d4e5-f6a7-8901-bcde-f12345678901,2026-02-07,30,,,,,,,,-,,,,,,OFFLINE,,2026-04-02 10:03:21.08875,,,,
2952,73,b2c3d4e5-f6a7-8901-bcde-f12345678901,2026-02-08,30,,,,,,,,-,,,,,,OFFLINE,,2026-04-02 10:03:33.769127,,,,
2623,73,b2c3d4e5-f6a7-8901-bcde-f12345678901,2025-06-13,98.3,,,,,2.248,3.846,,A,1.823,,,,,RUNNING,,2026-04-02 07:25:24.284257,100,93,100,100
2625,73,b2c3d4e5-f6a7-8901-bcde-f12345678901,2025-06-14,93.4,,,,,2.26,4.005,,A,1.683,,,,,RUNNING,,2026-04-02 07:25:24.298978,100,73.8,100,99.6
2627,73,b2c3d4e5-f6a7-8901-bcde-f12345678901,2025-06-15,97.4,,,,,1.892,1.515,,A,3.043,,,,,RUNNING,,2026-04-02 07:25:33.172552,100,100,100,82.9
2629,73,b2c3d4e5-f6a7-8901-bcde-f12345678901,2025-06-16,30,,,,,,,,-,,,,,,PARTIAL,,2026-04-02 07:25:42.153387,,,,
2632,73,b2c3d4e5-f6a7-8901-bcde-f12345678901,2025-06-17,71.4,,,,,1.306,2.063,,B,4.297,,,,,RUNNING,,2026-04-02 07:26:22.67716,94.4,0,100,91.2
2635,73,b2c3d4e5-f6a7-8901-bcde-f12345678901,2025-06-18,91.1,,,,,1.185,3.594,,B,4.966,,,,,RUNNING,,2026-04-02 07:26:52.387727,87.5,84.6,100,100
2637,73,b2c3d4e5-f6a7-8901-bcde-f12345678901,2025-06-19,90.4,,,,,1.127,2.638,,B,4.961,,,,,RUNNING,,2026-04-02 07:27:00.700541,87.5,81.5,100,100
2639,73,b2c3d4e5-f6a7-8901-bcde-f12345678901,2025-06-20,89,,,,,1.121,2.736,,B,4.93,,,,,RUNNING,,2026-04-02 07:27:10.561226,87.7,75.9,100,100
2641,73,b2c3d4e5-f6a7-8901-bcde-f12345678901,2025-06-21,30,,,,,,,,-,,,,,,PARTIAL,,2026-04-02 07:27:10.57214,,,,
2644,73,b2c3d4e5-f6a7-8901-bcde-f12345678901,2025-06-22,72.7,,,,,1.428,1.87,,B,4.287,,,,,RUNNING,,2026-04-02 07:27:29.88311,94.3,0,100,100
2646,73,b2c3d4e5-f6a7-8901-bcde-f12345678901,2025-06-23,66.7,,,,,1.47,1.497,,B,6.652,,,,,RUNNING,,2026-04-02 07:27:51.971993,79.3,0,100,100
2648,73,b2c3d4e5-f6a7-8901-bcde-f12345678901,2025-06-24,82.9,,,,,1.07,2.283,,C,9.174,,,,,RUNNING,,2026-04-02 07:28:12.463594,68.4,82.4,100,100
2650,73,b2c3d4e5-f6a7-8901-bcde-f12345678901,2025-06-25,83.6,,,,,1.115,4.329,,C,9.032,,,,,RUNNING,,2026-04-02 07:28:30.837886,68.8,86.8,96.7,100
2593,73,b2c3d4e5-f6a7-8901-bcde-f12345678901,2025-05-31,30,,,,,,,,-,,,,,,OFFLINE,,2026-04-02 07:21:36.766112,,,,
2596,73,b2c3d4e5-f6a7-8901-bcde-f12345678901,2025-06-01,70.6,,,,,1.485,1.677,,B,4.224,,,,,RUNNING,,2026-04-02 07:22:10.122135,95.4,0,100,82.9
2598,73,b2c3d4e5-f6a7-8901-bcde-f12345678901,2025-06-02,87.7,,,,,1.188,3.17,,B,5.034,,,,,RUNNING,,2026-04-02 07:22:56.050181,87.1,71.6,100,100
2600,73,b2c3d4e5-f6a7-8901-bcde-f12345678901,2025-06-03,88.4,,,,,1.145,3.499,,B,4.983,,,,,RUNNING,,2026-04-02 07:23:08.557511,87.3,73.7,100,100
2602,73,b2c3d4e5-f6a7-8901-bcde-f12345678901,2025-06-04,88.6,,,,,1.111,2.864,,B,5.065,,,,,RUNNING,,2026-04-02 07:23:18.770652,86.9,75.6,100,100
2604,73,b2c3d4e5-f6a7-8901-bcde-f12345678901,2025-06-05,88.7,,,,,1.13,3.298,,B,5.034,,,,,RUNNING,,2026-04-02 07:23:27.099489,87,75.7,100,100
2606,73,b2c3d4e5-f6a7-8901-bcde-f12345678901,2025-06-06,30,,,,,,,,-,,,,,,PARTIAL,,2026-04-02 07:23:27.107854,,,,
2610,73,b2c3d4e5-f6a7-8901-bcde-f12345678901,2025-06-07,70.1,,,,,1.396,1.655,,B,4.299,,,,,RUNNING,,2026-04-02 07:23:47.132624,95,0,100,80.8
2612,73,b2c3d4e5-f6a7-8901-bcde-f12345678901,2025-06-08,89.6,,,,,1.107,2.833,,B,4.953,,,,,RUNNING,,2026-04-02 07:24:27.233279,87.5,78.5,100,100
2614,73,b2c3d4e5-f6a7-8901-bcde-f12345678901,2025-06-09,30,,,,,,,,-,,,,,,PARTIAL,,2026-04-02 07:24:36.370948,,,,
2618,73,b2c3d4e5-f6a7-8901-bcde-f12345678901,2025-06-10,92,,,,,1.49,2.057,,A,2.582,,,,,RUNNING,,2026-04-02 07:24:46.809495,100,68.2,100,100
2619,73,b2c3d4e5-f6a7-8901-bcde-f12345678901,2025-06-11,94.3,,,,,1.722,1.953,,A,2.228,,,,,RUNNING,,2026-04-02 07:25:04.869579,100,77,100,100
2621,73,b2c3d4e5-f6a7-8901-bcde-f12345678901,2025-06-12,81.6,,,,,2.848,7.599,,A,0.858,,,,,RUNNING,,2026-04-02 07:25:14.443081,100,72.8,64,99.6
2787,73,b2c3d4e5-f6a7-8901-bcde-f12345678901,2025-08-27,74,,,,,1.145,3.6,,C,16.377,,,,,RUNNING,,2026-04-02 09:46:14.088834,45.3,83.4,100,100
2788,73,b2c3d4e5-f6a7-8901-bcde-f12345678901,2025-08-28,78.5,,,,,1.142,2.431,,C,16.1,,,,,RUNNING,,2026-04-02 09:46:24.939872,46.2,100,100,100
2789,73,b2c3d4e5-f6a7-8901-bcde-f12345678901,2025-08-29,71.9,,,,,1.09,2.49,,C,16.106,,,,,RUNNING,,2026-04-02 09:46:24.945616,46.1,73.9,100,100
2790,73,b2c3d4e5-f6a7-8901-bcde-f12345678901,2025-08-30,85.2,,,,,1.498,1.693,,C,12.559,,,,,RUNNING,,2026-04-02 09:46:24.950732,63.1,100,100,100
2791,73,b2c3d4e5-f6a7-8901-bcde-f12345678901,2025-08-31,66.8,,,,,1.337,1.691,,B,6.7,,,,,RUNNING,,2026-04-02 09:46:24.956441,83,0,100,90.6
2792,73,b2c3d4e5-f6a7-8901-bcde-f12345678901,2025-09-01,83.4,,,,,1.106,3.064,,C,8,,,,,RUNNING,,2026-04-02 09:46:24.961774,72.1,78.2,100,100
2594,73,b2c3d4e5-f6a7-8901-bcde-f12345678901,2025-03-26,83.4,,,,,1.078,2.262,,C,9.55,,,,,RUNNING,,2026-04-02 07:21:59.64607,67.2,86,100,100
2597,73,b2c3d4e5-f6a7-8901-bcde-f12345678901,2025-03-27,81.7,,,,,1.081,2.644,,C,9.551,,,,,RUNNING,,2026-04-02 07:22:29.953612,67.1,79.2,100,100
2793,73,b2c3d4e5-f6a7-8901-bcde-f12345678901,2025-09-02,84.9,,,,,1.095,2.359,,C,7.908,,,,,RUNNING,,2026-04-02 09:46:34.626034,72.4,83.7,100,100
2601,73,b2c3d4e5-f6a7-8901-bcde-f12345678901,2025-03-28,30,,,,,,,,-,,,,,,PARTIAL,,2026-04-02 07:23:08.557798,,,,
2605,73,b2c3d4e5-f6a7-8901-bcde-f12345678901,2025-03-29,30,,,,,,,,-,,,,,,PARTIAL,,2026-04-02 07:23:27.099705,,,,
2609,73,b2c3d4e5-f6a7-8901-bcde-f12345678901,2025-03-30,30,,,,,,,,-,,,,,,OFFLINE,,2026-04-02 07:23:47.132096,,,,
2613,73,b2c3d4e5-f6a7-8901-bcde-f12345678901,2025-03-31,30,,,,,,,,-,,,,,,OFFLINE,,2026-04-02 07:24:27.23334,,,,
2617,73,b2c3d4e5-f6a7-8901-bcde-f12345678901,2025-04-01,63.7,,,,,1.325,1.889,,B,7.629,,,,,RUNNING,,2026-04-02 07:24:46.806916,78.6,0,100,81.5
2622,73,b2c3d4e5-f6a7-8901-bcde-f12345678901,2025-04-02,87.2,,,,,1.104,2.4,,C,9.288,,,,,RUNNING,,2026-04-02 07:25:14.443329,68,100,100,100
2626,73,b2c3d4e5-f6a7-8901-bcde-f12345678901,2025-04-03,83.2,,,,,1.076,2.249,,C,9.264,,,,,RUNNING,,2026-04-02 07:25:33.170983,68.1,84.1,100,100
2630,73,b2c3d4e5-f6a7-8901-bcde-f12345678901,2025-04-04,30,,,,,,,,-,,,,,,PARTIAL,,2026-04-02 07:25:42.155586,,,,
2633,73,b2c3d4e5-f6a7-8901-bcde-f12345678901,2025-04-05,30,,,,,,,,-,,,,,,PARTIAL,,2026-04-02 07:26:22.677361,,,,
2636,73,b2c3d4e5-f6a7-8901-bcde-f12345678901,2025-04-06,66.6,,,,,1.546,1.704,,B,6.82,,,,,RUNNING,,2026-04-02 07:26:52.387731,82.9,0,100,89.9
2640,73,b2c3d4e5-f6a7-8901-bcde-f12345678901,2025-04-07,88.8,,,,,1.138,2.501,,B,5.519,,,,,RUNNING,,2026-04-02 07:27:10.561295,84.2,80.4,100,100
2642,73,b2c3d4e5-f6a7-8901-bcde-f12345678901,2025-04-08,89.2,,,,,1,3,,B,5.505,,,,,RUNNING,,2026-04-02 07:27:10.572392,79.8,80,100,10.7
2794,73,b2c3d4e5-f6a7-8901-bcde-f12345678901,2025-09-03,83.4,,,,,1.101,2.797,,C,7.794,,,,,RUNNING,,2026-04-02 09:46:44.165154,72.8,77,100,100
2795,73,b2c3d4e5-f6a7-8901-bcde-f12345678901,2025-09-04,84.5,,,,,1.082,1.966,,C,7.665,,,,,RUNNING,,2026-04-02 09:46:55.382711,73.2,80.9,100,100
2796,73,b2c3d4e5-f6a7-8901-bcde-f12345678901,2025-09-05,69.5,,,,,1.156,14.25,,C,7.672,,,,,RUNNING,,2026-04-02 09:47:09.967777,73.9,100,0,100
2797,73,b2c3d4e5-f6a7-8901-bcde-f12345678901,2025-09-06,30,,,,,,,,-,,,,,,PARTIAL,,2026-04-02 09:47:30.85474,,,,
2798,73,b2c3d4e5-f6a7-8901-bcde-f12345678901,2025-09-07,30,,,,,,,,-,,,,,,OFFLINE,,2026-04-02 09:47:40.560806,,,,
2799,73,b2c3d4e5-f6a7-8901-bcde-f12345678901,2025-09-08,30,,,,,,,,-,,,,,,OFFLINE,,2026-04-02 09:47:52.314055,,,,
2800,73,b2c3d4e5-f6a7-8901-bcde-f12345678901,2025-09-09,30,,,,,,,,-,,,,,,OFFLINE,,2026-04-02 09:48:02.735416,,,,
2801,73,b2c3d4e5-f6a7-8901-bcde-f12345678901,2025-09-10,30,,,,,,,,-,,,,,,OFFLINE,,2026-04-02 09:48:15.974262,,,,
2953,73,b2c3d4e5-f6a7-8901-bcde-f12345678901,2026-02-09,62.1,,,,,1.259,1.913,,C,9.829,,,,,RUNNING,,2026-04-02 10:03:59.257207,70.7,0,100,91.9
2954,73,b2c3d4e5-f6a7-8901-bcde-f12345678901,2026-02-10,78.6,,,,,1.039,3.289,,C,11.55,,,,,RUNNING,,2026-04-02 10:04:22.881705,60.7,77.4,100,100
2955,73,b2c3d4e5-f6a7-8901-bcde-f12345678901,2026-02-11,78.1,,,,,1.036,2.753,,C,11.692,,,,,RUNNING,,2026-04-02 10:04:38.482692,60.3,76,100,100
2956,73,b2c3d4e5-f6a7-8901-bcde-f12345678901,2026-02-12,77.5,,,,,1.05,4.479,,C,11.818,,,,,RUNNING,,2026-04-02 10:04:38.488586,59.9,77.9,95.2,100
2957,73,b2c3d4e5-f6a7-8901-bcde-f12345678901,2026-02-13,30,,,,,,,,-,,,,,,PARTIAL,,2026-04-02 10:04:50.729061,,,,
2958,73,b2c3d4e5-f6a7-8901-bcde-f12345678901,2026-02-14,30,,,,,,,,-,,,,,,PARTIAL,,2026-04-02 10:05:00.526738,,,,
2959,73,b2c3d4e5-f6a7-8901-bcde-f12345678901,2026-02-15,81.6,,,,,1,3,,A,0.582,,,,,RUNNING,,2026-04-02 10:05:10.749074,100,80,100,10.7
2960,73,b2c3d4e5-f6a7-8901-bcde-f12345678901,2026-02-16,77.9,,,,,1.028,2.053,,C,11.965,,,,,RUNNING,,2026-04-02 10:05:23.689638,59.4,76.7,100,100
2961,73,b2c3d4e5-f6a7-8901-bcde-f12345678901,2026-02-17,78.2,,,,,1.025,2.157,,C,11.999,,,,,RUNNING,,2026-04-02 10:05:54.271237,59.3,77.8,100,100
2652,73,b2c3d4e5-f6a7-8901-bcde-f12345678901,2025-06-26,83.4,,,,,1.044,2.131,,C,8.831,,,,,RUNNING,,2026-04-02 07:28:52.336191,69.4,82.4,100,100
2654,73,b2c3d4e5-f6a7-8901-bcde-f12345678901,2025-06-27,85.2,,,,,1.489,1.027,,B,6.636,,,,,RUNNING,,2026-04-02 07:29:11.731314,87.4,100,100,35
2656,73,b2c3d4e5-f6a7-8901-bcde-f12345678901,2025-06-28,90.3,,,,,1.919,1.582,,B,5.528,,,,,RUNNING,,2026-04-02 07:29:11.749417,93.1,100,100,53.8
2657,73,b2c3d4e5-f6a7-8901-bcde-f12345678901,2025-06-29,65.7,,,,,1.339,1.765,,B,7.515,,,,,RUNNING,,2026-04-02 07:29:22.932089,78.5,0,100,95.4
2659,73,b2c3d4e5-f6a7-8901-bcde-f12345678901,2025-06-30,81.5,,,,,1.065,2.107,,C,9.268,,,,,RUNNING,,2026-04-02 07:29:40.702371,68.1,77.2,100,100
2661,73,b2c3d4e5-f6a7-8901-bcde-f12345678901,2025-07-01,85,,,,,1.088,2.104,,C,9.618,,,,,RUNNING,,2026-04-02 07:30:05.240755,66.9,92.7,100,100
2663,73,b2c3d4e5-f6a7-8901-bcde-f12345678901,2025-07-02,84.9,,,,,1.113,3.733,,C,9.236,,,,,RUNNING,,2026-04-02 07:30:27.293471,68.2,90.4,100,100
2802,73,b2c3d4e5-f6a7-8901-bcde-f12345678901,2025-09-11,30,,,,,,,,-,,,,,,OFFLINE,,2026-04-02 09:48:27.204993,,,,
2803,73,b2c3d4e5-f6a7-8901-bcde-f12345678901,2025-09-12,30,,,,,,,,-,,,,,,OFFLINE,,2026-04-02 09:48:38.652884,,,,
2804,73,b2c3d4e5-f6a7-8901-bcde-f12345678901,2025-09-13,30,,,,,,,,-,,,,,,PARTIAL,,2026-04-02 09:48:48.594157,,,,
2805,73,b2c3d4e5-f6a7-8901-bcde-f12345678901,2025-09-14,65.6,,,,,1.546,1.979,,B,6.646,,,,,RUNNING,,2026-04-02 09:48:59.000327,83.3,0,100,82.2
2806,73,b2c3d4e5-f6a7-8901-bcde-f12345678901,2025-09-15,85,,,,,1.049,2.461,,C,7.55,,,,,RUNNING,,2026-04-02 09:49:11.143458,73.6,82.1,100,100
2807,73,b2c3d4e5-f6a7-8901-bcde-f12345678901,2025-09-16,81.2,,,,,1.091,5.023,,C,7.597,,,,,RUNNING,,2026-04-02 09:49:21.339014,73.4,75.4,89.8,100
2808,73,b2c3d4e5-f6a7-8901-bcde-f12345678901,2025-09-17,84.2,,,,,1.052,3.043,,C,7.744,,,,,RUNNING,,2026-04-02 09:49:50.709171,72.9,80,100,100
2809,73,b2c3d4e5-f6a7-8901-bcde-f12345678901,2025-09-18,83.7,,,,,1.072,3.496,,C,7.805,,,,,RUNNING,,2026-04-02 09:50:00.832316,72.7,78.3,100,100
2810,73,b2c3d4e5-f6a7-8901-bcde-f12345678901,2025-09-19,69.2,,,,,1.173,15.379,,C,7.929,,,,,RUNNING,,2026-04-02 09:50:16.262865,73,100,0,100
2811,73,b2c3d4e5-f6a7-8901-bcde-f12345678901,2025-09-20,30,,,,,,,,-,,,,,,PARTIAL,,2026-04-02 09:50:29.161924,,,,
2812,73,b2c3d4e5-f6a7-8901-bcde-f12345678901,2025-09-21,66,,,,,1.435,1.783,,B,6.822,,,,,RUNNING,,2026-04-02 09:50:42.270009,82.5,0,100,86.4
2813,73,b2c3d4e5-f6a7-8901-bcde-f12345678901,2025-09-22,82.2,,,,,1.084,3.27,,C,8.274,,,,,RUNNING,,2026-04-02 09:50:54.699163,71.2,75,100,100
2814,73,b2c3d4e5-f6a7-8901-bcde-f12345678901,2025-09-23,81.7,,,,,1.077,3.254,,C,8.524,,,,,RUNNING,,2026-04-02 09:51:06.692375,70.4,74,100,100
2815,73,b2c3d4e5-f6a7-8901-bcde-f12345678901,2025-09-24,82.4,,,,,1.056,2.731,,C,8.603,,,,,RUNNING,,2026-04-02 09:51:19.549103,70.2,77.4,100,100
2816,73,b2c3d4e5-f6a7-8901-bcde-f12345678901,2025-09-25,82.2,,,,,1.048,2.636,,C,8.679,,,,,RUNNING,,2026-04-02 09:51:31.666107,69.9,76.9,100,100
2817,73,b2c3d4e5-f6a7-8901-bcde-f12345678901,2025-09-26,30,,,,,,,,-,,,,,,PARTIAL,,2026-04-02 09:51:41.484909,,,,
2818,73,b2c3d4e5-f6a7-8901-bcde-f12345678901,2025-09-27,30,,,,,,,,-,,,,,,OFFLINE,,2026-04-02 09:51:49.573543,,,,
2819,73,b2c3d4e5-f6a7-8901-bcde-f12345678901,2025-09-28,30,,,,,,,,-,,,,,,PARTIAL,,2026-04-02 09:52:00.294236,,,,
2820,73,b2c3d4e5-f6a7-8901-bcde-f12345678901,2025-09-29,65.3,,,,,1.352,1.512,,B,7.178,,,,,RUNNING,,2026-04-02 09:52:10.265307,81.5,0,100,85
2821,73,b2c3d4e5-f6a7-8901-bcde-f12345678901,2025-09-30,30,,,,,,,,-,,,,,,PARTIAL,,2026-04-02 09:52:10.270595,,,,
2822,73,b2c3d4e5-f6a7-8901-bcde-f12345678901,2025-10-01,65.2,,,,,1.308,1.423,,B,7.122,,,,,RUNNING,,2026-04-02 09:52:20.446218,82,0,100,82.9
2823,73,b2c3d4e5-f6a7-8901-bcde-f12345678901,2025-10-02,65,,,,,1.355,1.379,,B,7.172,,,,,RUNNING,,2026-04-02 09:52:20.451673,82.1,0,100,80.8
2824,73,b2c3d4e5-f6a7-8901-bcde-f12345678901,2025-10-03,83.7,,,,,2.106,2.088,,A,2.04,,,,,RUNNING,,2026-04-02 09:52:20.456948,100,44,100,84.3
2825,73,b2c3d4e5-f6a7-8901-bcde-f12345678901,2025-10-04,66,,,,,1.343,1.89,,B,7.466,,,,,RUNNING,,2026-04-02 09:52:20.461956,77.5,0,100,100
2826,73,b2c3d4e5-f6a7-8901-bcde-f12345678901,2025-10-05,30,,,,,,,,-,,,,,,PARTIAL,,2026-04-02 09:52:20.46682,,,,
2827,73,b2c3d4e5-f6a7-8901-bcde-f12345678901,2025-10-06,30,,,,,,,,-,,,,,,OFFLINE,,2026-04-02 09:52:29.97283,,,,
2828,73,b2c3d4e5-f6a7-8901-bcde-f12345678901,2025-10-07,30,,,,,,,,-,,,,,,OFFLINE,,2026-04-02 09:52:39.783525,,,,
2829,73,b2c3d4e5-f6a7-8901-bcde-f12345678901,2025-10-08,30,,,,,,,,-,,,,,,OFFLINE,,2026-04-02 09:52:52.325733,,,,
2830,73,b2c3d4e5-f6a7-8901-bcde-f12345678901,2025-10-09,30,,,,,,,,-,,,,,,OFFLINE,,2026-04-02 09:53:05.030108,,,,
2831,73,b2c3d4e5-f6a7-8901-bcde-f12345678901,2025-10-10,30,,,,,,,,-,,,,,,OFFLINE,,2026-04-02 09:53:15.667696,,,,
2832,73,b2c3d4e5-f6a7-8901-bcde-f12345678901,2025-10-11,30,,,,,,,,-,,,,,,OFFLINE,,2026-04-02 09:53:26.487041,,,,
2833,73,b2c3d4e5-f6a7-8901-bcde-f12345678901,2025-10-12,30,,,,,,,,-,,,,,,OFFLINE,,2026-04-02 09:53:37.995424,,,,
2834,73,b2c3d4e5-f6a7-8901-bcde-f12345678901,2025-10-13,30,,,,,,,,-,,,,,,PARTIAL,,2026-04-02 09:53:47.88736,,,,
2835,73,b2c3d4e5-f6a7-8901-bcde-f12345678901,2025-10-14,66,,,,,1.379,1.459,,B,7.145,,,,,RUNNING,,2026-04-02 09:53:57.153863,81.4,0,100,89.9
2836,73,b2c3d4e5-f6a7-8901-bcde-f12345678901,2025-10-15,65.5,,,,,1.375,1.493,,B,6.933,,,,,RUNNING,,2026-04-02 09:54:05.575513,82.7,0,100,82.9
2837,73,b2c3d4e5-f6a7-8901-bcde-f12345678901,2025-10-16,66.1,,,,,1.365,1.356,,B,7.027,,,,,RUNNING,,2026-04-02 09:54:05.586473,82.5,0,100,87.1
2838,73,b2c3d4e5-f6a7-8901-bcde-f12345678901,2025-10-17,65.6,,,,,1.442,1.219,,B,6.979,,,,,RUNNING,,2026-04-02 09:54:05.602057,83.7,0,100,80.8
2839,73,b2c3d4e5-f6a7-8901-bcde-f12345678901,2025-10-18,77.7,,,,,1.703,1.37,,B,5.881,,,,,RUNNING,,2026-04-02 09:54:05.617734,91.6,34.8,100,82.2
2840,73,b2c3d4e5-f6a7-8901-bcde-f12345678901,2025-10-19,66.2,,,,,1.362,1.89,,B,7.505,,,,,RUNNING,,2026-04-02 09:54:05.627607,78.1,0,100,100
2841,73,b2c3d4e5-f6a7-8901-bcde-f12345678901,2025-10-20,30,,,,,,,,-,,,,,,PARTIAL,,2026-04-02 09:54:17.710526,,,,
2842,73,b2c3d4e5-f6a7-8901-bcde-f12345678901,2025-10-21,64.4,,,,,1.385,1.661,,B,7.436,,,,,RUNNING,,2026-04-02 09:54:28.626837,79.9,0,100,82.9
2422,73,b2c3d4e5-f6a7-8901-bcde-f12345678901,2025-01-08,90.9,,,,,1.411,1.787,,A,1.514,,,,,RUNNING,,2026-04-02 07:05:45.614939,100,63.5,100,100
2423,73,b2c3d4e5-f6a7-8901-bcde-f12345678901,2025-01-09,87.1,,,,,3.055,8.4,,A,1.789,,,,,RUNNING,,2026-04-02 07:05:45.631019,100,84.6,55.2,99.6
2424,73,b2c3d4e5-f6a7-8901-bcde-f12345678901,2025-01-10,88.6,,,,,2.17,1.781,,B,4.155,,,,,RUNNING,,2026-04-02 07:05:45.657484,96.1,60.4,100,100
2425,73,b2c3d4e5-f6a7-8901-bcde-f12345678901,2025-01-11,88.9,,,,,1.558,2.349,,A,1.756,,,,,RUNNING,,2026-04-02 07:05:45.670187,100,55.7,100,100
2666,73,b2c3d4e5-f6a7-8901-bcde-f12345678901,2025-07-03,83.7,,,,,1.075,3.017,,C,9.047,,,,,RUNNING,,2026-04-02 07:30:39.510213,68.8,84.6,100,100
2843,73,b2c3d4e5-f6a7-8901-bcde-f12345678901,2025-10-22,65.6,,,,,1.419,1.294,,B,7.049,,,,,RUNNING,,2026-04-02 09:54:28.636636,83,0,100,82.9
2844,73,b2c3d4e5-f6a7-8901-bcde-f12345678901,2025-10-23,65.1,,,,,1.454,1.387,,B,7.177,,,,,RUNNING,,2026-04-02 09:54:28.645703,82,0,100,82.2
2845,73,b2c3d4e5-f6a7-8901-bcde-f12345678901,2025-10-24,85.4,,,,,2.529,3.277,,A,1.875,,,,,RUNNING,,2026-04-02 09:54:28.656473,100,51.9,100,82.9
2846,73,b2c3d4e5-f6a7-8901-bcde-f12345678901,2025-10-25,68.6,,,,,1.533,1.151,,B,6.89,,,,,RUNNING,,2026-04-02 09:54:28.665629,83.9,0,100,100
2847,73,b2c3d4e5-f6a7-8901-bcde-f12345678901,2025-10-26,65.1,,,,,1.297,1.878,,B,7.365,,,,,RUNNING,,2026-04-02 09:54:41.18817,79.3,0,100,89.2
2848,73,b2c3d4e5-f6a7-8901-bcde-f12345678901,2025-10-27,64.7,,,,,1.287,1.663,,B,7.276,,,,,RUNNING,,2026-04-02 09:54:41.196544,80.6,0,100,82.9
2849,73,b2c3d4e5-f6a7-8901-bcde-f12345678901,2025-10-28,64.2,,,,,1.272,1.657,,B,7.389,,,,,RUNNING,,2026-04-02 09:54:41.205757,80.2,0,100,80.8
2850,73,b2c3d4e5-f6a7-8901-bcde-f12345678901,2025-10-29,64.4,,,,,1.273,1.662,,B,7.424,,,,,RUNNING,,2026-04-02 09:54:41.216821,80,0,100,82.9
2851,73,b2c3d4e5-f6a7-8901-bcde-f12345678901,2025-10-30,64.4,,,,,1.34,1.462,,B,7.344,,,,,RUNNING,,2026-04-02 09:54:41.225979,81,0,100,80.1
2852,73,b2c3d4e5-f6a7-8901-bcde-f12345678901,2025-10-31,30,,,,,,,,-,,,,,,PARTIAL,,2026-04-02 09:54:41.237126,,,,
2853,73,b2c3d4e5-f6a7-8901-bcde-f12345678901,2025-11-01,89.4,,,,,1.598,1.871,,A,0.764,,,,,RUNNING,,2026-04-02 09:54:57.68019,100,83.6,100,56.5
2854,73,b2c3d4e5-f6a7-8901-bcde-f12345678901,2025-11-02,67.5,,,,,1.406,1.315,,B,7.219,,,,,RUNNING,,2026-04-02 09:54:57.692121,81.5,0,100,99.6
2855,73,b2c3d4e5-f6a7-8901-bcde-f12345678901,2025-11-03,65.1,,,,,1.348,1.459,,B,7.312,,,,,RUNNING,,2026-04-02 09:55:11.97284,81,0,100,85
2856,73,b2c3d4e5-f6a7-8901-bcde-f12345678901,2025-11-04,64.8,,,,,1.373,1.687,,B,7.53,,,,,RUNNING,,2026-04-02 09:55:11.980976,79.2,0,100,87.1
2857,73,b2c3d4e5-f6a7-8901-bcde-f12345678901,2025-11-05,63.9,,,,,1.306,1.596,,B,7.551,,,,,RUNNING,,2026-04-02 09:55:11.993125,79.6,0,100,80.8
2858,73,b2c3d4e5-f6a7-8901-bcde-f12345678901,2025-11-06,64.6,,,,,1.323,1.537,,B,7.527,,,,,RUNNING,,2026-04-02 09:55:12.02048,79.6,0,100,85
2859,73,b2c3d4e5-f6a7-8901-bcde-f12345678901,2025-11-07,65.6,,,,,1.406,1.238,,B,7.113,,,,,RUNNING,,2026-04-02 09:55:12.03709,82.9,0,100,82.9
2860,73,b2c3d4e5-f6a7-8901-bcde-f12345678901,2025-11-08,65.1,,,,,1.311,1.282,,B,7.333,,,,,RUNNING,,2026-04-02 09:55:12.050708,81.7,0,100,82.9
2861,73,b2c3d4e5-f6a7-8901-bcde-f12345678901,2025-11-09,64.1,,,,,1.284,1.659,,B,7.709,,,,,RUNNING,,2026-04-02 09:55:12.083516,78.4,0,100,85
2862,73,b2c3d4e5-f6a7-8901-bcde-f12345678901,2025-11-10,64.3,,,,,1.25,1.667,,B,7.64,,,,,RUNNING,,2026-04-02 09:55:12.094477,78.7,0,100,85.7
2863,73,b2c3d4e5-f6a7-8901-bcde-f12345678901,2025-11-11,64.1,,,,,1.264,1.661,,B,7.704,,,,,RUNNING,,2026-04-02 09:55:12.103894,78.6,0,100,84.3
2864,73,b2c3d4e5-f6a7-8901-bcde-f12345678901,2025-11-12,30,,,,,,,,-,,,,,,OFFLINE,,2026-04-02 09:55:12.113612,,,,
2962,73,b2c3d4e5-f6a7-8901-bcde-f12345678901,2026-02-18,79.3,,,,,1.047,3.368,,C,12.154,,,,,RUNNING,,2026-04-02 10:06:26.698477,58.8,83,100,100
2963,73,b2c3d4e5-f6a7-8901-bcde-f12345678901,2026-02-19,77.8,,,,,1.02,2.351,,C,12.229,,,,,RUNNING,,2026-04-02 10:06:37.143155,58.5,77.6,100,100
2964,73,b2c3d4e5-f6a7-8901-bcde-f12345678901,2026-02-20,75.9,,,,,1.042,4.737,,C,12.316,,,,,RUNNING,,2026-04-02 10:06:50.363539,58.3,76.4,92.6,100
2965,73,b2c3d4e5-f6a7-8901-bcde-f12345678901,2026-02-21,30,,,,,,,,-,,,,,,PARTIAL,,2026-04-02 10:07:01.476051,,,,
2966,73,b2c3d4e5-f6a7-8901-bcde-f12345678901,2026-02-22,57,,,,,1.295,1.655,,C,13.687,,,,,RUNNING,,2026-04-02 10:07:13.503909,61.1,0,100,83.6
2967,73,b2c3d4e5-f6a7-8901-bcde-f12345678901,2026-02-23,70.7,,,,,1.026,3.132,,C,17.306,,,,,RUNNING,,2026-04-02 10:07:22.875895,42.2,75.3,100,100
2968,73,b2c3d4e5-f6a7-8901-bcde-f12345678901,2026-02-24,67.3,,,,,1.036,2.548,,C,17.88,,,,,RUNNING,,2026-04-02 10:07:33.69306,40.4,64.7,100,100
2969,73,b2c3d4e5-f6a7-8901-bcde-f12345678901,2026-02-25,66.5,,,,,1.044,2.916,,D,18.72,,,,,RUNNING,,2026-04-02 10:07:33.71118,38.6,64.1,100,100
2970,73,b2c3d4e5-f6a7-8901-bcde-f12345678901,2026-02-26,65.5,,,,,1.049,2.738,,D,19.516,,,,,RUNNING,,2026-04-02 10:07:46.507472,37,63,100,100
2971,73,b2c3d4e5-f6a7-8901-bcde-f12345678901,2026-02-27,78.5,,,,,1.19,2.54,,C,17.862,,,,,RUNNING,,2026-04-02 10:07:59.669135,47.3,100,100,96.8
2972,73,b2c3d4e5-f6a7-8901-bcde-f12345678901,2026-02-28,30,,,,,,,,-,,,,,,PARTIAL,,2026-04-02 10:08:11.383402,,,,
2973,73,b2c3d4e5-f6a7-8901-bcde-f12345678901,2026-03-01,52,,,,,1.219,1.775,,C,17.69,,,,,RUNNING,,2026-04-02 10:08:23.103209,50,0,100,80.1
2974,73,b2c3d4e5-f6a7-8901-bcde-f12345678901,2026-03-02,56.2,,,,,1.051,1.726,,D,22.387,,,,,RUNNING,,2026-04-02 10:08:35.093676,31.2,35,100,100
2975,73,b2c3d4e5-f6a7-8901-bcde-f12345678901,2026-03-03,47.7,,,,,1.094,2.17,,D,25.135,,,,,RUNNING,,2026-04-02 10:08:45.473669,25.8,9.5,100,100
2976,73,b2c3d4e5-f6a7-8901-bcde-f12345678901,2026-03-04,41.5,,,,,1.095,1.844,,D,29.939,,,,,RUNNING,,2026-04-02 10:09:08.96867,16.2,0,100,100
2977,73,b2c3d4e5-f6a7-8901-bcde-f12345678901,2026-03-05,47.6,,,,,1.396,2.563,,D,24.317,,,,,RUNNING,,2026-04-02 10:09:32.407437,33.2,0,100,95.4
